INSERT INTO t_quiz (id, title, description) VALUES ('0', 'rgva', 'sa');
INSERT INTO t_questions (quiz_id, title, options_id) VALUES ('0', ' seg', 0);
INSERT INTO t_options (id, name, result) VALUES ('0', ' ds', 1);
INSERT INTO t_options (id, name, result) VALUES ('0', ' df', 0);
INSERT INTO t_questions (quiz_id, title, options_id) VALUES ('0', '  yhdr', 1);
INSERT INTO t_options (id, name, result) VALUES ('1', ' fsd', 0);
INSERT INTO t_options (id, name, result) VALUES ('1', ' sf', 1);
INSERT INTO t_quiz (id, title, description) VALUES ('1', 'rgva', 'sa');
INSERT INTO t_questions (quiz_id, title, options_id) VALUES ('1', ' seg', 2);
INSERT INTO t_options (id, name, result) VALUES ('2', ' ds', 1);
INSERT INTO t_options (id, name, result) VALUES ('2', ' df', 0);
INSERT INTO t_questions (quiz_id, title, options_id) VALUES ('1', '  yhdr', 3);
INSERT INTO t_options (id, name, result) VALUES ('3', ' fsd', 0);
INSERT INTO t_options (id, name, result) VALUES ('3', ' sf', 1);
INSERT INTO t_quiz (id, title, description) VALUES ('2', 'TRUE OR FALSE TEST', 'test the radio buttons');
INSERT INTO t_questions (quiz_id, title, options_id) VALUES ('2', 'question 1', 4);
INSERT INTO t_options (id, name, result) VALUES ('4', 'CORRECT', 1);
INSERT INTO t_options (id, name, result) VALUES ('4', 'NOT SELECTED', 0);
INSERT INTO t_quiz (id, title, description) VALUES ('3', 'TRUE OR FALSE TEST', 'test the radio buttons');
INSERT INTO t_questions (quiz_id, title, options_id) VALUES ('3', 'question 1', 5);
INSERT INTO t_options (id, name, result) VALUES ('5', 'CORRECT', 1);
INSERT INTO t_options (id, name, result) VALUES ('5', 'NOT SELECTED', 0);
INSERT INTO t_quiz (id, title, description) VALUES ('4', 'TRUE OR FALSE TEST', 'test the radio buttons');
INSERT INTO t_questions (quiz_id, title, options_id) VALUES ('4', 'question 1', 6);
INSERT INTO t_options (id, name, result) VALUES ('6', 'CORRECT', 1);
INSERT INTO t_options (id, name, result) VALUES ('6', 'NOT SELECTED', 0);
INSERT INTO t_quiz (id, title, description) VALUES ('5', 'TRUE OR FALSE TEST', 'test the radio buttons');
INSERT INTO t_questions (quiz_id, title, options_id) VALUES ('5', 'question 1', 7);
INSERT INTO t_options (id, name, result) VALUES ('7', 'CORRECT', 1);
INSERT INTO t_options (id, name, result) VALUES ('7', 'NOT SELECTED', 0);
INSERT INTO t_quiz (id, title, description) VALUES ('6', 'RADIO TEST', 'cehsc');
INSERT INTO t_questions (quiz_id, title, options_id) VALUES ('6', 'TEST', 8);
INSERT INTO t_options (id, name, result) VALUES ('8', 'CORRECT', 1);
INSERT INTO t_options (id, name, result) VALUES ('8', 'not selected', 0);
INSERT INTO t_quiz (id, title, description) VALUES ('7', 'RADIO TEST', 'cehsc');
INSERT INTO t_questions (quiz_id, title, options_id) VALUES ('7', 'TEST', 9);
INSERT INTO t_options (id, name, result) VALUES ('9', 'CORRECT', 1);
INSERT INTO t_options (id, name, result) VALUES ('9', 'not selected', 0);
INSERT INTO t_options (id, name, result) VALUES ('9', 'option 3', 0);
INSERT INTO t_quiz (id, title, description) VALUES ('8', 'RADIO TEST', 'cehsc');
INSERT INTO t_questions (quiz_id, title, options_id) VALUES ('8', 'TEST', 10);
INSERT INTO t_options (id, name, result) VALUES ('10', 'not selected', 1);
INSERT INTO t_options (id, name, result) VALUES ('10', 'CORRECT', 0);
INSERT INTO t_quiz (id, title, description) VALUES ('9', 'RADIO TEST', 'cehsc');
INSERT INTO t_questions (quiz_id, title, options_id) VALUES ('9', 'TEST', 11);
INSERT INTO t_options (id, name, result) VALUES ('11', 'not selected', 1);
INSERT INTO t_options (id, name, result) VALUES ('11', 'CORRECT', 0);
INSERT INTO t_quiz (id, title, description) VALUES ('10', 'tcr', 'crgs');
INSERT INTO t_questions (quiz_id, title, options_id) VALUES ('10', 'test', 12);
INSERT INTO t_options (id, name, result) VALUES ('12', 'NOT SELECTED', 1);
INSERT INTO t_options (id, name, result) VALUES ('12', 'NOT SELECTED', 0);
INSERT INTO t_options (id, name, result) VALUES ('12', 'CORRECT', 0);
INSERT INTO t_quiz (id, title, description) VALUES ('11', 'tcr', 'crgs');
INSERT INTO t_questions (quiz_id, title, options_id) VALUES ('11', 'test', 13);
INSERT INTO t_options (id, name, result) VALUES ('13', 'NOT SELECTED', 1);
INSERT INTO t_options (id, name, result) VALUES ('13', 'NOT SELECTED', 0);
INSERT INTO t_options (id, name, result) VALUES ('13', 'CORRECT', 0);
INSERT INTO t_quiz (id, title, description) VALUES ('12', 'tcr', 'crgs');
INSERT INTO t_questions (quiz_id, title, options_id) VALUES ('12', 'tset', 14);
INSERT INTO t_options (id, name, result) VALUES ('14', 'NOT SELECTED', 1);
INSERT INTO t_options (id, name, result) VALUES ('14', 'NOT', 0);
INSERT INTO t_options (id, name, result) VALUES ('14', 'CORRECT', 0);
INSERT INTO t_quiz (id, title, description) VALUES ('13', 'cfeaw', 'cfeas');
INSERT INTO t_questions (quiz_id, title, options_id) VALUES ('13', 'ca', 15);
INSERT INTO t_options (id, name, result) VALUES ('15', 'fxax', 1);
INSERT INTO t_options (id, name, result) VALUES ('15', 'sa', 0);
INSERT INTO t_quiz (id, title, description) VALUES ('14', 'cfeaw', 'cfeas');
INSERT INTO t_questions (quiz_id, title, options_id) VALUES ('14', 'ca', 16);
INSERT INTO t_options (id, name, result) VALUES ('16', 'fxax', 1);
INSERT INTO t_options (id, name, result) VALUES ('16', 'sa', 0);
INSERT INTO t_quiz (id, title, description) VALUES ('15', 'cfeaw', 'cfeas');
INSERT INTO t_questions (quiz_id, title, options_id) VALUES ('15', 'ca', 17);
INSERT INTO t_options (id, name, result) VALUES ('17', 'fxax', 1);
INSERT INTO t_options (id, name, result) VALUES ('17', 'sa', 0);
INSERT INTO t_quiz (id, title, description) VALUES ('16', 'cfeaw', 'cfeas');
INSERT INTO t_questions (quiz_id, title, options_id) VALUES ('16', 'ca', 18);
INSERT INTO t_options (id, name, result) VALUES ('18', 'fxax', 1);
INSERT INTO t_options (id, name, result) VALUES ('18', 'sa', 0);
